{"limits": {"width": 3000, "height": 525}, "base": {"depth": 1}, "v": [[1375.0, 175.0], [1475.0, 175.0], [1275.0, 348.20508075688775], [1375.0, 348.20508075688775]], "e": [[1, 0, 2, 3]]}