{"limits": {"width": 3000, "height": 525}, "base": {"depth": 1}, "v": [[1825.0, 175.0], [1925.0, 175.0], [1725.0, 348.20508075688775], [1825.0, 348.20508075688775]], "e": [[1, 0, 2, 3]]}