{"limits": {"width": 3000, "height": 525}, "base": {"depth": 1}, "v": [[1525.0, 175.0], [1625.0, 175.0], [1496.1324865405186, 225.0], [1596.1324865405186, 225.0], [1425.0, 348.20508075688775], [1525.0, 348.20508075688775]], "e": [[0, 4], [1, 5], [2, 3]]}