{"limits": {"width": 3000, "height": 525}, "base": {"depth": 1}, "v": [[2157.7350269189624, 175.0], [2057.7350269189624, 348.20508075688775]], "e": [[0, 1]]}