{"limits": {"width": 3000, "height": 525}, "base": {"depth": 1}, "v": [[1975.0, 175.0], [2075.0, 175.0], [1917.2649730810374, 275.0], [1967.2649730810374, 275.0], [2017.2649730810374, 275.0], [1875.0, 348.20508075688775], [2025.0, 348.20508075688775]], "e": [[0, 5], [2, 4, 1], [3, 6]]}