{"limits": {"width": 3000, "height": 525}, "base": {"depth": 1}, "v": [[1675.0, 175.0], [1775.0, 175.0], [1575.0, 348.20508075688775], [1675.0, 348.20508075688775]], "e": [[0, 1, 2, 3], [0, 2], [1, 3]]}