{"limits": {"width": 3000, "height": 525}, "base": {"depth": 1}, "v": [[925.0, 175.0], [1025.0, 175.0], [875.0, 348.20508075688775], [975.0, 348.20508075688775]], "e": [[0, 1, 2, 3]]}