{
  "limits": {
    "width": 2000,
    "height": 1500
  },
  "base": {
    "depth": 1
  },
  "v": [
    [
      1200,
      250
    ],
    [
      1300,
      250
    ],
    [
      1100,
      423.20508075688775
    ],
    [
      1200,
      423.20508075688775
    ]
  ],
  "e": [ [1,0,2,3] ]
}
