{
  "limits": {
    "width": 2000,
    "height": 1500
  },
  "base": {
    "depth": 1
  },
  "v": [
    [
      1850,
      250
    ],
    [
      1950,
      250
    ],
    [
      1750,
      423.20508075688775
    ],
    [
      1850,
      423.20508075688775
    ]
  ],
  "e": [
    [
      1,
      0,
      2,
      3
    ]
  ]
}
