{
  "limits": {
    "width": 2000,
    "height": 1500
  },
  "base": {
    "depth": 1
  },
  "v": [
    [
      1550,
      250
    ],
    [
      1650,
      250
    ],
    [
      1521.1324865405186,
      300
    ],
    [
      1621.1324865405186,
      300
    ],
    [
      1450,
      423.20508075688775
    ],
    [
      1550,
      423.20508075688775
    ]
  ],
  "e": [
    [
      0,
      4
    ],
    [
      1,
      5
    ],
    [
      2,
      3
    ]
  ]
}
