{
  "limits": {
    "width": 3000,
    "height": 1000
  },
  "base": {
    "depth": 1
  },
  "v": [
    [
      2182.735026918962576450914878050196,
      250
    ],
    [
      2082.735026918962576450914878050196,
      423.20508075688775
    ]
  ],
  "e": [ [0,1] ]
}
