{
  "limits": {
    "width": 3000,
    "height": 1000
  },
  "base": {
    "depth": 1
  },
  "v": [
    [
      2000,
      250
    ],
    [
      2100,
      250
    ],
    [
      1942.264973081037423549085121949804,
      350
    ],
    [
      1992.264973081037423549085121949804,
      350
    ],
    [
      2042.264973081037423549085121949804,
      350
    ],
    [
      1900,
      423.20508075688775
    ],
    [
      2050,
      423.20508075688775
    ]
  ],
  "e": [[0,5],[2,4,1],[3,6]]
}
