{"limits": {"width": 3000, "height": 1000}, "base": {"depth": 1}, "v": [[1700.0, 250.0], [1800.0, 250.0], [1600.0, 423.20508075688775], [1700.0, 423.20508075688775]], "e": [[0, 1, 2, 3], [0, 2], [1, 3]]}