{
  "limits": {
    "width": 2000,
    "height": 1500
  },
  "base": {
    "depth": 1
  },
  "v": [
    [
      950,
      250
    ],
    [
      1050,
      250
    ],
    [
      900,
      423.20508075688775
    ],
    [
      1000,
      423.20508075688775
    ]
  ],
  "e": [ [0,1,2,3] ]
}
